symbol,name,sector,status
360.AX,Life360,Information Technology,member
4DX.AX,4DMedical,Healthcare,member
A2M.AX,a2 Milk Company,Consumer Staples,member
AAI.AX,Alcoa,Materials,member
AFI.AX,Australian Foundation Investment Company,Financials,member
AGL.AX,AGL Energy,Utilities,member
AIA.AX,Auckland International Airport Limited,Industrials,member
ALD.AX,Ampol,Energy,member
ALK.AX,Alkane Resources,Materials,member
ALL.AX,Aristocrat Leisure,Consumer Discretionary,member
ALQ.AX,ALS,Industrials,member
ALX.AX,Atlas Arteria,Industrials,member
AMC.AX,Amcor,Materials,member
AMP.AX,AMP,Financials,member
ANN.AX,Ansell,Healthcare,member
ANZ.AX,Australia & New Zealand Banking Group,Financials,member
APA.AX,APA Group,Utilities,member
APE.AX,Eagers Automotive,Consumer Discretionary,member
ARB.AX,ARB Corporation,Consumer Discretionary,member
ARG.AX,Argo Investments,Financials,member
ASB.AX,Austal,Industrials,member
ASK.AX,Abacus Storage King,Real Estate,member
ASX.AX,ASX,Financials,member
AUB.AX,AUB Group,Financials,member
AZJ.AX,Aurizon,Industrials,member
BEN.AX,Bendigo & Adelaide Bank,Financials,member
BFL.AX,BSP Financial Group,Financials,member
BGA.AX,Bega Cheese,Consumer Staples,member
BGL.AX,Bellevue Gold,Materials,member
BHP.AX,BHP,Materials,member
BOQ.AX,Bank of Queensland,Financials,member
BPT.AX,Beach Energy,Energy,member
BRG.AX,Breville Group,Consumer Discretionary,member
BSL.AX,BlueScope,Materials,member
BWP.AX,BWP Trust,Real Estate,member
BXB.AX,Brambles,Industrials,member
CAR.AX,CAR Group,Communication Services,member
CBA.AX,Commonwealth Bank,Financials,member
CDA.AX,Codan,Information Technology,member
CEN.AX,Contact Energy,Utilities,member
CGF.AX,Challenger,Financials,member
CHC.AX,Charter Hall,Real Estate,member
CIA.AX,Champion Iron,Materials,member
CIP.AX,Centuria Industrial REIT,Real Estate,member
CLW.AX,Charter Hall Long WALE REIT,Real Estate,member
CMM.AX,Capricorn Metals,Materials,member
CNU.AX,Chorus,Communication Services,member
COH.AX,Cochlear,Healthcare,member
COL.AX,Coles Group,Consumer Staples,member
CPU.AX,Computershare,Information Technology,member
CQR.AX,Charter Hall Retail REIT,Real Estate,member
CSC.AX,Capstone Copper,Materials,member
CSL.AX,CSL,Healthcare,member
CTD.AX,Corporate Travel Management,Consumer Discretionary,member
CWY.AX,Cleanaway,Industrials,member
CYL.AX,Catalyst Metals,Materials,member
DBI.AX,Dalrymple Bay Infrastructure,Industrials,member
DNL.AX,Dyno Nobel,Materials,member
DOW.AX,Downer Group,Industrials,member
DRO.AX,Droneshield,Industrials,member
DRR.AX,Deterra Royalties,Materials,member
DXS.AX,Dexus,Real Estate,member
DYL.AX,Deep Yellow,Energy,member
EBO.AX,EBOS Group,Healthcare,member
EDV.AX,Endeavour Group,Consumer Staples,member
EMR.AX,Emerald Resources,Materials,member
EOS.AX,Electro Optic Systems Holdings,Industrials,member
EVN.AX,Evolution Mining,Materials,member
EVT.AX,EVT,Communication Services,member
FBU.AX,Fletcher Building,Industrials,member
FLT.AX,Flight Centre Travel Group,Consumer Discretionary,member
FMG.AX,Fortescue,Materials,member
FPH.AX,Fisher & Paykel Healthcare,Healthcare,member
FRW.AX,Freightways Group,Industrials,member
GDG.AX,Generation Development Group,Financials,member
GGP.AX,Greatland Resources,Materials,member
GMD.AX,Genesis Minerals,Materials,member
GMG.AX,Goodman Group,Real Estate,member
GNE.AX,Genesis Energy,Utilities,member
GPT.AX,GPT Group,Real Estate,member
GQG.AX,GQG Partners,Financials,member
HDN.AX,HomeCo Daily Needs REIT,Real Estate,member
HUB.AX,HUB24,Financials,member
HVN.AX,Harvey Norman,Consumer Discretionary,member
IAG.AX,Insurance Australia Group,Financials,member
IFL.AX,Insignia Financial,Financials,no-yahoo-data
IFT.AX,Infratil,Financials,member
IGO.AX,IGO,Materials,member
ILU.AX,Iluka Resources,Materials,member
IMD.AX,IMDEX,Materials,member
JBH.AX,JB Hi-Fi,Consumer Discretionary,member
JHX.AX,James Hardie,Materials,member
L1G.AX,L1 Group,Financials,member
LLC.AX,Lendlease,Real Estate,member
LNW.AX,Light & Wonder,Consumer Discretionary,member
LOV.AX,Lovisa,Consumer Discretionary,member
LSF.AX,L1 Long Short Fund,Financials,member
LTR.AX,Liontown Resources,Materials,member
LYC.AX,Lynas Rare Earths,Materials,member
MCY.AX,Mercury NZ,Utilities,member
MEZ.AX,Meridian Energy,Utilities,member
MFF.AX,MFF Capital Investments,Financials,member
MFG.AX,Magellan Financial Group,Financials,member
MGR.AX,Mirvac,Real Estate,member
MIN.AX,Mineral Resources,Materials,member
MND.AX,Monadelphous Group,Industrials,member
MPL.AX,Medibank,Financials,member
MQG.AX,Macquarie Group,Financials,member
MSB.AX,Mesoblast,Healthcare,member
MTS.AX,Metcash,Consumer Staples,member
MXT.AX,Metrics Master Income Trust,Financials,member
NAB.AX,National Australia Bank,Financials,member
NEM.AX,Newmont,Materials,member
NHC.AX,New Hope,Energy,member
NHF.AX,Nib,Financials,member
NIC.AX,Nickel Industries,Materials,member
NSR.AX,National Storage,Real Estate,no-yahoo-data
NST.AX,Northern Star Resources,Materials,member
NWH.AX,NRW Holdings,Industrials,member
NWL.AX,Netwealth Group,Financials,member
NWS.AX,News Corp Class B,Communication Services,member
NXG.AX,Nexgen Energy,Energy,member
NXT.AX,NextDC,Information Technology,member
OBM.AX,Ora Banda Mining,Materials,member
ORA.AX,Orora,Materials,member
ORG.AX,Origin Energy,Utilities,member
ORI.AX,Orica,Materials,member
PDI.AX,Predictive Discovery,Materials,member
PDN.AX,Paladin Energy,Energy,member
PLS.AX,PLS Group,Materials,member
PME.AX,Pro Medicus,Healthcare,member
PMV.AX,Premier Investments,Consumer Discretionary,member
PNI.AX,Pinnacle Investment Management,Financials,member
PPT.AX,Perpetual,Financials,member
PRN.AX,Perenti,Materials,member
PRU.AX,Perseus Mining,Materials,member
PXA.AX,Pexa Group,Real Estate,member
QAN.AX,Qantas,Industrials,member
QBE.AX,QBE Insurance,Financials,member
QUB.AX,Qube Holdings,Industrials,member
RDX.AX,Redox,Industrials,member
REA.AX,REA Group,Communication Services,member
REG.AX,Regis Healthcare,Healthcare,member
REH.AX,Reece Group,Industrials,member
RGN.AX,Region Group,Real Estate,member
RHC.AX,Ramsay Health Care,Healthcare,member
RIO.AX,Rio Tinto,Materials,member
RMD.AX,ResMed,Healthcare,member
RMS.AX,Ramelius Resources,Materials,member
RRL.AX,Regis Resources,Materials,member
RSG.AX,Resolute Mining,Materials,member
RWC.AX,Reliance Worldwide Corporation,Industrials,member
RYM.AX,Ryman Healthcare,Healthcare,member
S32.AX,South32,Materials,member
SCG.AX,Scentre Group,Real Estate,member
SDF.AX,Steadfast Group,Financials,member
SEK.AX,Seek,Communication Services,member
SFR.AX,Sandfire Resources,Materials,member
SGH.AX,SGH,Industrials,member
SGM.AX,Sims Metal,Materials,member
SGP.AX,Stockland,Real Estate,member
SHL.AX,Sonic Healthcare,Healthcare,member
SIG.AX,Sigma Healthcare,Healthcare,member
SMR.AX,Stanmore Resources,Materials,member
SNZ.AX,Summerset Group Holdings,Healthcare,member
SOL.AX,Soul Patts,Financials,member
SPK.AX,Spark New Zealand,Communication Services,member
STO.AX,Santos,Energy,member
SUL.AX,Super Retail Group,Consumer Discretionary,member
SUN.AX,Suncorp,Financials,member
TAH.AX,Tabcorp,Consumer Discretionary,member
TCL.AX,Transurban,Industrials,member
TLC.AX,The Lottery Corporation,Consumer Discretionary,member
TLS.AX,Telstra,Communication Services,member
TLX.AX,Telix Pharmaceuticals,Healthcare,member
TNE.AX,TechnologyOne,Information Technology,member
TPG.AX,TPG Telecom,Communication Services,member
TUA.AX,Tuas,Communication Services,member
TWE.AX,Treasury Wine Estates,Consumer Staples,member
VAU.AX,Vault Minerals,Materials,member
VCX.AX,Vicinity Centres,Real Estate,member
VEA.AX,Viva Energy,Energy,member
VGN.AX,Virgin Australia Holdings,Industrials,member
VNT.AX,Ventia Services Group,Industrials,member
WAF.AX,West African Resources,Materials,member
WAM.AX,WAM Capital,Financials,member
WBC.AX,Westpac,Financials,member
WDS.AX,Woodside Energy Group,Energy,member
WES.AX,Wesfarmers,Consumer Discretionary,member
WGX.AX,Westgold Resources,Materials,member
WHC.AX,Whitehaven Coal,Energy,member
WLE.AX,WAM Leaders,Financials,member
WOR.AX,Worley,Energy,member
WOW.AX,Woolworths Group,Consumer Staples,member
WTC.AX,Wisetech Global,Information Technology,member
XRO.AX,Xero,Information Technology,member
XYZ.AX,"Block, Inc.",Financials,member
YAL.AX,Yancoal Australia,Materials,member
ZIM.AX,Zimplats Holdings,Materials,member
ZIP.AX,Zip,Financials,member
VAS.AX,Vanguard Australian Shares ETF,ETF,benchmark
^AXJO,S&P/ASX 200 Index,Index,benchmark
^AXVI,S&P/ASX 200 VIX,Index,benchmark
^GSPC,S&P 500 Index,Index,benchmark
